,SNR,Entropía,Iluminación Media,Contraste
Ecualización de Histograma,-6.090157813711893,3.899666177028947,140.37490826474624,77.97481111167497
CLAHE,-8.35578119689176,6.511860006432593,87.05511874142661,41.79356461158658
Transformación Logarítmica,4.3550873347092764,3.000416134019539,5.063315329218107,16.52533976985883
Correción Gamma,-9.175625761969325,2.9907522848681394,52.380574417009605,33.38167165448465
Operador de Multiplicación,-9.636973585825832,2.747784408765018,39.166640946502056,58.44346924354817
